Prepositions,Sports,Social Justice,Politics,Science,Names
aboard,3d archery,gay marriage,absentee,scientific,liam
about,3x3,lgbt adoption rights,accountable,sf,noah
above,3x3 ice hockey,abortion,activist,sci-fi,william
across,abseiling,police body cameras,adverse,ms,james
after,acrobatic gymnastics,equal pay,advertising,natural philosophy,logan
against,acroski,gun control,advice,as,benjamin
along,adventure racing,planned parenthood funding,advise,taxonomy,mason
amid,aerials,pre-existing conditions,affiliation,forestry,elijah
among,aerobatics,stay-at-home order,aggressive,sc,oliver
anti,aesthetic group gymnastics,gun buyback,amendment,psychology,jacob
around,sport aerobics,climate change,announcement,sci.,lucas
as,aeromodeling,drug price regulation,anthem,geoponics,michael
at,aeronautical pentathlon,mental health,appeal,entomology,alexander
before,aflx,taxes,appearance,jurisprudence,ethan
behind,aggressive inline skating,religious freedom act,appoint,scientist,daniel
below,aikido,government mandates,approach,dsc,matthew
beneath,air hockey,drug policy,appropriation,cs,aiden
beside,air racing,marijuana,arguments,logy,henry
besides,airsoft,immigration,articulate,medicine,joseph
between,mountainboarding,mandatory vaccinations,aspiration,horology,jackson
beyond,alpine skiing,minimum wage,asset,sciential,samuel
but,alpinism,marital rape,assimilation,s,sebastian
by,american football,confederate flag,at,technology,david
concerning,american handball,armed teachers,large,magnetics,carter
considering,sport fishing,muslim immigrants,audience,nomology,wyatt
despite,aquabike,student loans,authorization,didactics,jayden
down,aquajogging,foreign lobbying,background,informatics,john
during,aquathlon,border wall,bait,rocketry,owen
except,aquathlon,electoral college,balanced,anesthesiology,dylan
excepting,archery,free college for all,budget,metallurgy,luke
excluding,arena football,transgender athletes,ballot,botany,gabriel
following,arena polo,mandatory military service,ballot,electricity,anthony
for,arena rugby,immigration healthcare,box,technical,isaac
from,arm wrestling,term limits,bandwagon,-metry,grayson
in,arnis,gender identity,barnstorm,law,jack
inside,artistic billiards,voter fraud,behavior,bsc,julian
into,artistic cycling,private prisons,beliefs,msc,levi
like,artistic gymnastics,death penalty,biannual,physics,christopher
minus,artistic pool,obamacare,bias,b.s.,joshua
near,artistic roller skating,dakota access pipeline,bicameral,architectonics,andrew
of,association croquet,paid sick leave,bill,bacteriology,lincoln
off,association football,sanctuary cities,bipartisan,astronautics,mateo
on,athletics,fracking,boondoggle,tectonics,ryan
onto,australian football,nsa domestic surveillance,brochure,aviation,jaxon
opposite,australian handball,illegal immigrant detainment,budget,artillery,nathan
outside,auto race,oil drilling,bunk,craniometry,aaron
over,auto racing,right of foreigners to vote,bureaucracy,zoology,isaiah
past,autocross,muslim surveillance,cabinet,missilery,thomas
per,autograss,safe spaces,campaign,scd,charles
plus,autospeedway,patriot act,candidate,cameralistics,caleb
regarding,axe throwing,medicaid,canvass,politics,josiah
round,ba game,first amendment,capitalize,pedagogy,christian
save,backstroke,united nations,career,metrology,hunter
since,badminton,flag burning,catalyst,anatomy,eli
than,balance beam,gender workplace diversity,caucus,astrolithology,jonathan
through,balkline,single-payer healthcare,ceiling,magnetism,connor
to,ball badminton,net neutrality,centrist,scientifiction,landon
toward,ball hockey,solitary confinement for juveniles,challenge,finance,adrian
towards,ballooning,affirmative action,challenger,scienced,asher
under,bandy,gerrymandering,changes,robotics,cameron
underneath,banger racing,deporting criminal immigrants,charismatic,hygiene,leo
unlike,banzai skydiving,immigration ban,checks,bioscience,theodore
until,barefoot skiing,immigrant laborers,and,aeronautics,jeremiah
up,bare-knuckle boxing,government spending,balances,systematics,hudson
upon,barrel racing,in-state tuition,choice,sm,robert
versus,baseball,border security,citation,flotation,easton
via,base jumping,drug trafficking penalties,civic,orology,nolan
with,basketball,immigrant assimilation,coalition,agrology,nicholas
within,basque pelota,military spending,coasttocoast,logic,ezra
without,basse,alternative energy,coattail,pharmacology,colton
,bat-and-trap,campaign finance,collaboration,seismology,angel
,baton twirling,economic stimulus,colleague,government,brayden
,ice stock sport,gun liability,collective,aerostation,jordan
,beach basketball,no-fly list gun control,commitments,oceanography,dominic
,beach flags,universal basic income,committee,geography,austin
,beach golf,minimum voting age,commonality,anthropology,ian
,beach handball,welfare drug testing,communication,horticulture,adam
,beach netball,skilled immigrants,compassion,crystallography,elias
,beach polo,women in combat,concede,ultrasonics,jaxson
,beach rugby,common core,concessions,symptomatology,greyson
,beach soccer,euthanasia,confidence,husbandry,jose
,beach tennis,corporate tax,congress,optical,ezekiel
,beach volleyball,niqāb,congressional,ology,carson
,beach water polo,iran,conscience,life science,evan
,beach woodball,military congressional approval,consequence,bs,maverick
,beach wrestling,social media regulation,conservative,gunnery,bryson
,behcup,welfare,constituent,meteorology,jace
,beikou tarkbei,foreign elections,constitution,subscience,cooper
,belt wrestling,safe haven,consultation,gemology [or] gemmology,xavier
,benchpress,israel,contribution,civics,parker
,benchrest shooting,whistleblower protection,controversy,ballistics,roman
,biathle,eminent domain,convene,fortification,jason
,biathlon,medicare drug prices,convention,antiscience,santiago
,bicycle motocross (bmx),lobbyists,council,exegetics,chase
,bicycle polo,paris climate agreement,curiosity,phycology,sawyer
,big wave surfing,medicaid work requirement,cycle,"church of christ, scientist",gavin
,bikejoring,citizenship test,dark,membranology,leonardo
,cue sports,overtime pay,horse,mineralogy,kayden
,biribol,mandatory minimum prison sentences,debate,mythology,ayden
,blind cricket,torture,decision,architectonic,jameson
,boardercross,foreign aid,decisive,chronometry,kevin
,bobsleigh,campaign finance,declaration,cartography,bentley
,bocce,criminal voting rights,defeat,scientifically,zachary
,boccia,nato,deficit,-gnomy,everett
,bodyboarding,free tax filing,delegate,sb,axel
,bodybuilding,federal reserve,deliberate,geology,tyler
,bodyflight,labor unions,deliberation,forester,micah
,bolas criollas,syrian refugees,democracy,phoronomics,vincent
,boli khela,animal testing,democrat,photics,weston
,boomerang throwing,plastic product ban,democratic,noology,miles
,handball,afghanistan,derision,dds,wesley
,bossaball,terrorism,destiny,economic,nathaniel
,klootschieten,corporate mega mergers,diligent,biochemistry,harrison
,bouldering,charter schools,diplomat,martian,brandon
,bowling —,israel boycott,disapproval,hypnotism,cole
,lawn bowls,capital gains tax,discourse,sci-fier,declan
,box lacrosse,supreme court reform,discreet,alphabetics,luis
,boxing,foreign assassination,discussion,balneology,braxton
,breakdancing,criminal politicians,disheartened,arithmetic,damian
,brännboll,china tariffs,dishonesty,physic,silas
,breaststroke,hong kong fugitive extradition,dissatisfaction,thremmatology,tristan
,bridge,universal pre-k,district,hypnology,ryder
,british baseball,social security,distrust,geomagnetism,bennett
,broomball,drones,diverse,agronomics,george
,bull fighting,candidate transparency,division,agrobiology,emmett
,bull riding,va privatization,dogma,architecture,justin
,bunnock,dual citizenship,dominate,penology,kai
,butterfly stroke,soleimani,donation,strategy,max
,buzkashi,isis ground troops,donor,divinity,diego
,caber toss,political advertising on social media,dossier,d,luca
,calcio fiorentino,domestic jobs,dynamic,nomenclature,ryker
,calisthenics,gmo labels,effective,bsae,carlos
,calva,tech monopolies,efficient,neurology,maxwell
,camel racing,farm subsidies,elation,-iatrics,kingston
,cammag,nafta,electoral,phonetism,ivan
,camogie,yemen,college,toxicology,maddox
,campdrafting,nuclear energy,elevate,-sophy,juan
,canadian football,prison overcrowding,eloquence,ba,ashton
,candlepin bowling,north korea military strikes,emphasis,cabala,jayce
,chinlone,offshore banking,enact,plutology,rowan
,canicross,estate tax,endorsement,metaphysics,kaiden
,canne de combat,nato,engaging,fossilism,giovanni
,canoe polo,edward snowden,equal,philosophy,eric
,canoeing,space exploration,ethics,deontology,jesus
,capoeira,nsa surveillance,euphoria,gastronomy,calvin
,canopy piloting,government pensions,excessive,electromagnetism,abel
,capture the flag,cuba,executive,mathesis,king
,car ice racing,war on isis,exit,m.s.,camden
,carriage driving,trans-pacific partnership,poll,phytopathology,amir
,carom billiards,public transportation,experience,-logy [or] -ology,blake
,casting,property taxes,faction,stem,alex
,catchball,tariffs,federal,agriscience,brody
,cestoball,ukraine,feud,unscientific,malachi
,chase tag,pension reform,filibuster,router,emmanuel
,cheerleading,school truancy,flawed,criminology,jonah
,chess,corporate subsidies,focus,ideology,beau
,chess boxing,india arms,forum,phonics,jude
,chilean rodeo,russian airstrikes in syria,fraud,semiology,antonio
,chinese handball,jerusalem,freedom,sophy,alan
,chinlone,online sales tax,front,-logy,elliott
,chuckwagon racing,bitcoin,runner,runology,elliot
,circle rules football,f-35,fundamental,analytics,waylon
,clay pigeon shooting,air force one,funding,ecclesiology,xander
,olympic weight lifting,,fundraiser,economics,timothy
,clout archery,,gambit,harmonics,victor
,club throw,,gerrymander,supernatural,bryce
,coastal (offshore) rowing,,glaring,pedology,finn
,collegiate wrestling,,gop,heraldry,brantley
,combined driving,,government,economist,edward
,competitive eating,,grass,viticulture,abraham
,corkball,,roots,msd,patrick
,cowboy action shooting,,grateful,empiricism,grant
,cowboy mounted shooting,,handshakes,metrics,karter
,cowboy polo,,hard,oceanology,hayden
,real tennis,,money,catechetics,richard
,crab soccer,,hatch,organology,miguel
,minigolf,,act,crystallogeny,joel
,cricket,,heckle,serology,gael
,croquet,,historic,goniometry,tucker
,crossbow archery,,honesty,electronics,rhett
,cross-country equestrian,,hooray,cinematography,avery
,cross-country skiing,,hypocrisy,oncology,steven
,cross-country mountain biking,,immigrants,audiology,graham
,rally raid,,impound,zymology,kaleb
,cross-country running,,inalienable,eugenics,jasper
,cross triathlon,,incentive,rhythmics,jesse
,crossfit,,incorporate,liturgics,matteo
,crossminton,,incumbency,magnetician,dean
,cue sports,,incumbent,agriculturist,zayden
,sport stacking,,independent,chemical,preston
,curling,,independent,sjd,august
,cue sport,,indulge,rhinology,oscar
,cutting,,infallible,otology,jeremy
,cycling,,influx,herpetology,alejandro
,cycle ball,,informative,harmony,marcus
,bicycle polo,,initiative,sociology,dawson
,cycle speedway,,innuendo,jsd,lorenzo
,cyclo-cross,,inspiring,theory,messiah
,czech handball,,integrity,optic,zion
,dancesport,,interests,gigabit,maximus
,dandi biyo,,investigate,hermetic,river
,danish longball,,involvement,art,zane
,dartchery,,irresponsible,agriculture,mark
,darts,,issues,methodology,brooks
,beikou tarkbei,,jeopardy,psychic,nicolas
,deadlifting,,jubilant,kilobit,paxton
,deaf basketball,,judge,algebra,judah
,decathlon,,judicial,processor,emiliano
,demolition derby,,keen,mals,kaden
,digor,,knowledge,symbolism,bryan
,disc dog,,lame,physiology,kyle
,disc golf,,duck,climatology,myles
,disc sports,,landslide,astronomy,peter
,discus,,law,msn,charlie
,diving,,leader,trigonometry,kyrie
,dodgeball,,leadership,electromagnetics,thiago
,dog agility,,leanings,megabit,brian
,dog racing,,legal,acoustic,kenneth
,dog sledding,,legalization,trophology,andres
,dog sports,,legislature,chromatics,lukas
,downhill skiing,,liberal,animal husbandry,aidan
,downhill mountain biking,,listening,agonistics,jax
,drag boat racing,,lobbyist,bsn,caden
,drag racing,,lone,microseismology,milo
,dragon boat racing,,loser,geometry,paul
,dressage,,loss,pseudoscience,beckett
,drifting,,loyalty,paediatrics,brady
,drone racing,,magistrate,cosmography,colin
,drunken boxing,,majority,mechanics,omar
,duathlon,,mandate,-ics,bradley
,duckpin bowling,,meaningful,ethology,javier
,dumog,,measures,cyberpunk,knox
,eight-ball,,media,obstetrics,jaden
,eight-man football,,meetings,laureate,barrett
,ekiden,,mentor,odontology,israel
,elephant polo,,midterm,gemology,matias
,endurance racing,,election,biotechnology,jorge
,endurance riding,,minority,chronology,zander
,endurance running,,misinformation,pure,derek
,enduro,,motives,hierology,josue
,endurocross,,mudslinging,science fiction,cayden
,english billiards,,national,sci-tech,holden
,equestrian,,nationwide,scientifico,griffin
,equestrian vaulting,,negativity,political science,arthur
,e-sports,,network,dietetics,leon
,eton fives,,nominate,posology,felix
,handball,,nominee,master,remington
,eventing,,nonpartisan,cosmochemistry,jake
,adventure racing,,obligation,materia medica,killian
,fast pitch softball,,obsequious,bsee,clayton
,fast5,,offensive,humorology,sean
,fell running,,office,rheumatology,adriel
,fencing,,official,display,riley
,field archery,,old,-graphy,archer
,field handball,,boy,des,legend
,field hockey,,opine,pneumology,erick
,field lacrosse,,opinion,m,enzo
,field target,,opinionated,geologist,corbin
,fierljeppen,,opportunity,numismatics,francisco
,figure skating,,opposition,anacamptics,dallas
,finnish skittles,,oratory,ornithology,emilio
,finswimming,,outspoken,page,gunner
,sport fishing,,ovation,universology,simon
,fistball,,pac,supersonics,andre
,bare-knuckle boxing,,political,archelogy,walter
,five-a-side football,,action,pseudology,damien
,five-pin bowling,,committee,phytolithology,chance
,five-pin billiards,,pamphlets,cryology,phoenix
,fives,,pardon,philology,colt
,flag football,,participation,applied,tanner
,flight archery,,partisanship,theoretics,stephen
,floor (gymnastics),,party,phytology,kameron
,floor hockey,,patriotism,aerodonetics,tobias
,floorball,,petition,process,manuel
,flyboarding,,platform,astrogation,amari
,footbag,,pledge,catallactics,emerson
,footbag net,,plurality,pomology,louis
,football,,polarize,genetic,cody
,football tennis,,policy,hermeneutics,finley
,footgolf,,polite,dynamic,iker
,footpool,,politician,cambistry,martin
,footvolley,,politics,fossilogy,rafael
,formula racing,,poll,bps,nash
,four square,,polling,education,beckham
,carom billiards,,place,fossilology,cash
,freediving,,pollster,winemaking,karson
,freerunning,,popular,myology,rylan
,freestyle bmx,,popularity,meteoritics,reid
,freestyle flying disc,,pork,telemetry,theo
,freestyle footbag,,barrel,orismology,ace
,freestyle football,,position,trichology,eduardo
,freestyle motocross,,paper,nonscience,spencer
,freestyle skiing,,pragmatist,literate,raymond
,freestyle snowboarding,,praise,electrology,maximiliano
,freestyle swimming,,precinct,phytography,anderson
,freestyle wrestling,,predictions,biology,ronan
,matkot,,prescient,hematology,lane
,fricket,,press,dichromic,cristian
,frisian handball,,pride,sci,titus
,frontenis,,primary,scientific romance,travis
,fullbore target rifle,,priority,poli–sci,jett
,table football,,proactive,pedagogist,ricardo
,futsal,,process,algology,bodhi
,fuzzball,,progressive,antiviral,gideon
,gaelic football,,projection,format,jaiden
,gaelic handball,,promises,grammar,fernando
,gateball,,propaganda,chemotherapy,mario
,giant slalom,,proponent,pneumatology,conor
,gilli-danda,,proposal,phonetic,keegan
,gliding,,purpose,dogmatics,ali
,glima,,query,autography,cesar
,goalball,,quest,library school,ellis
,golf,,questions,android,jayceon
,golf croquet,,quorum,endocrinology,walker
,gorodki,,quotes,psychopathology,cohen
,grass skiing,,race,aestho-physiology,arlo
,greco-roman wrestling,,ratify,prosody,hector
,dog racing,,reelection,stereoscopy,dante
,american football,,reapportionment,run,kyler
,guts,,recall,onomatology,garrett
,gymkhana,,recognition,pandect,donovan
,gymnastics,,reconciliation,musicography,seth
,half-pipe skiing,,recount,sonics,jeffrey
,hammer throw,,recrimination,paranormal,tyson
,handball,,redistrict,electrotechnology,jase
,hang gliding,,referendum,medical,desmond
,hardball squash,,reform,diplomacy,caiden
,hare coursing,,registration,sanitarian,gage
,harness racing,,regulate,museology,atlas
,headis,,representation,radiology,major
,heptathlon,,republican,perspective,devin
,high diving,,rescind,engineering,edwin
,high jump,,resignation,dermatoglyphics,angelo
,high power rifle,,resilience,arms,orion
,hill climb,,restrictions,zoological,conner
,hillclimbing,,retort,upgrade,julius
,hitball,,reveal,glaciology,marco
,hockey,,revelations,osmics,jensen
,horizontal bar,,revenues,technician,daxton
,hornussen,,rhetoric,statement,peyton
,horse polo,,roll,-ist,zayn
,horse pulling,,call,soil science,collin
,horse racing,,runoff,earthside,jaylen
,horse soccer,,scope,aerospace,dakota
,horseball,,senate,avionics,prince
,horseback archery,,seniority,pathology,johnny
,horseshoes,,shift,psychiatry,kayson
,ballooning,,shortcoming,nephrology,cruz
,hovercraft racing,,shuffle,atonement,hendrix
,hunting,,sidelines,mathematics,atticus
,hurdles (track and field),,sinecure,statistic,troy
,hurling,,skill,dynamics,kane
,hydroplane racing,,slate,epidemiology,edgar
,ice canoeing,,slogan,proficient,sergio
,ice climbing,,solicitation,theorist,kash
,ice cross downhill,,solution,magnetology,marshall
,ice dancing,,spar,alien,johnathan
,ice hockey,,spectacle,field,romeo
,ice racing,,speculate,eudaemonics,shane
,ice speedway,,spending,virology,warren
,ice skating,,spin,earth science,joaquin
,ice sledge racing,,stakes,terminology,wade
,ice stock sport,,stance,embryology,leonel
,ice track cycling,,states,microbiology,trevor
,ice yachting,,rights,ergonomics,dominick
,icosathlon,,statute,msls,muhammad
,indoor cricket,,strategist,noemics,erik
,indoor field hockey,,strategy,subalternate,odin
,indoor netball,,straw,public health,quinn
,indoor rowing,,poll,aetiology,jaxton
,indoor soccer,,stump,sematology,dalton
,indoor triathlon,,subcommittee,metascience,nehemiah
,inline hockey,,subjects,gemmary,frank
,inline skating,,success,hydrology,grady
,inline speed skating,,suffrage,gemmology,gregory
,intercrosse,,support,bromatology,andy
,international fronton,,system,ls,solomon
,international game,,tactics,sd,malik
,international rules football,,tally,paragenesis,rory
,irish road bowling,,taxpayer,sciolist,clark
,ironman surflifesaving,,term,biologist,reed
,jai alai,,term,earthling,harvey
,javelin,,limit,biophysics,zayne
,jereed,,ticket,geriatrics,jay
,jet ski racing,,topic,rubification,jared
,jetsprint,,trust,thermodynamics,noel
,jeu provençal,,turnout,craniology,shawn
,jianzi,,ultimate,axiom,fabian
,joggling,,unanimous,cryptography,ibrahim
,jokgu,,uncommitted,wise,adonis
,jorkyball,,unfair,nosology,ismael
,judo,,uniformity,telecommunications,pedro
,jugger,,unity,geonomy,leland
,jiu-jitsu / jujutsu,,unknown,ophthalmology,malakai
,jukskei,,unopposed,paleontology,malcolm
,kabaddi,,unprecedented,earthman,alexis
,kalaripayattu,,unwind,pyrotechny,kason
,karate,,upcoming,optics,porter
,kart racing,,upset,peptics,sullivan
,kayaking,,vacancy,pseudoplastic,raiden
,kegel,,veto,laboratory,allen
,kelly pool,,viable,net,ari
,kemari,,victor,pyronomics,russell
,kendo,,victory,loxodromy,princeton
,kettlebell lifting,,vie,spacewoman,winston
,kho kho,,viewpoint,sc.b.,kendrick
,kickball,,views,mateotechny,roberto
,kickboxing,,violations,aristology,lennox
,kilikiti,,vip,biochem,hayes
,kin-ball,,volunteers,geopony,finnegan
,ki-o-rahi,,voter,oenology,nasir
,kite fighting,,vulnerability,thermotics,kade
,kite landboarding,,ward,galvanoplastics,nico
,kite boarding,,whistlestop,prudence,emanuel
,kitesurfing,,wildcard,forensically,landen
,kilikiti,,win,soc,moises
,klootschieten,,winner,orography,ruben
,kneeboarding,,withdraw,sab,hugo
,knife throwing,,withhold,nsf,abram
,korfball,,woo,technology park,adan
,krachtbal,,xenophobic,astrology,khalil
,krolf,,yell,botanology,zaiden
,kronum,,yield,documentation,augustus
,kubb,,zeal,rcs,marcos
,wushu,,zealous,dls,philip
,kurash,,zone,path,phillip
,lacrosse,,,photology,cyrus
,lagori,,,bms,esteban
,land sailing,,,cosmetology,braylen
,land speed records,,,hotlink,albert
,land windsurfing,,,bengs,bruce
,lapta,,,medics,kamden
,laser run,,,aerolithology,lawson
,laser tag,,,scb,jamison
,lawn bowls,,,anaesthesiology,sterling
,lawn mower racing,,,science-fictive,damon
,lelo burti,,,mbsc,gunnar
,lethwei,,,surface science,kyson
,letterboxing,,,aerodromics,luka
,log rolling,,,add-on,franklin
,longboarding,,,truth,ezequiel
,long drive,,,sapient,pablo
,long jump,,,moral,derrick
,long track motorcycle speedway,,,healer,zachariah
,longue paume,,,ddsc,cade
,luge,,,creation scientist,jonas
,lumberjack,,,slot,dexter
,mallakhamba,,,droid,kolton
,marathon,,,bas,remy
,marching band,,,sage,hank
,matkot,,,utility,tate
,medieval football,,,plug-in,emma
,metallic silhouette shooting,,,science master,olivia
,metro footy,,,mst,ava
,middle distance,,,assembly,isabella
,military pentathlon,,,board,sophia
,mind sports,,,bsb,charlotte
,minigolf or miniature golf,,,noetic,mia
,mini rugby,,,bsfor,amelia
,mixed martial arts (mma),,,bsl,harper
,mob football,,,heuristic,evelyn
,modern pentathlon,,,fluviology,abigail
,mogul skiing,,,bls,emily
,mölkky,,,bsch,elizabeth
,mongolian wrestling,,,bcs,mila
,moscow broomball,,,mls,ella
,motoball,,,pyritology,avery
,motocross,,,economically,sofia
,motorcycling road racing,,,methodics,camila
,motorcycle gymkhana,,,beta,aria
,motorcycle sidecar racing,,,bsec,scarlett
,motorcycle speedway,,,philiater,victoria
,motorcycle trials,,,social-science,madison
,motorsports,,,pharmaco–oryctology,luna
,mountain biking,,,bsarch,grace
,mountain unicycling,,,love,chloe
,mountainboarding,,,bay,penelope
,mountaineering,,,theriatrics,layla
,mounted orienteering,,,engine,riley
,muay thai,,,parity,zoey
,mud bogging,,,physiography,nora
,muggle quidditch,,,card,lily
,naval pentathlon,,,hygienics,eleanor
,netball,,,oreography,hannah
,newcomb ball,,,creationism,lillian
,nine-a-side footy,,,bsed,addison
,nine-ball,,,altimetry,aubrey
,nine-man football,,,pharmaceutics,ellie
,nine pin bowling,,,anemology,stella
,nordic combined,,,nanoscience,natalie
,nordic skiing,,,virus,zoe
,novuss,,,metapolitics,leah
,obstacle course racing,,,server,hazel
,ocean rowing,,,chrematistics,violet
,mountainboarding,,,agriculturism,aurora
,motor sports,,,computer-science,savannah
,oil wrestling,,,enzymology,audrey
,oină,,,science-fictioner,brooklyn
,one day international (odi),,,viniculture,bella
,one-pocket,,,eucharist,claire
,open water swimming,,,earth scientist,skylar
,orienteering,,,electrogravitic,lucy
,field handball,,,aretaics,paisley
,outrigger canoeing,,,space scientist,everly
,over-the-line,,,unscience,anna
,tag rugby,,,acuate,caroline
,paddle tennis,,,linguistically,nova
,paddleball (1 wall),,,etiology,genesis
,paddleball (4 wall),,,tidology,emilia
,paddleboarding,,,acology,kennedy
,padel,,,petrogeny,samantha
,paintball,,,programmer,maya
,palant,,,allegiance,willow
,paleta frontón,,,radiometric,kinsley
,palla,,,bromatologist,naomi
,pankration (amateur),,,astrophysical,aaliyah
,parachuting,,,terminize,elena
,para-climbing,,,noise,sarah
,para-cycling,,,rocket scientist,ariana
,paragliding,,,mind,allison
,parallel bars,,,morphography,gabriella
,paralympic football,,,cephalology,alice
,paratriathlon,,,wordlore,madelyn
,pärk,,,sports scientist,cora
,parkour,,,life,ruby
,patball,,,practitioner,eva
,pato,,,sitology,serenity
,pehlwani,,,food scientist,autumn
,pelota mixteca,,,kabbalah,adeline
,pencak silat,,,graphometry,hailey
,pesäpallo,,,idea,gianna
,pétanque,,,qabalah,valentina
,peteca,,,promorphologist,isla
,pickleball,,,angel,eliana
,picigin,,,computerology,quinn
,pigeon racing,,,bootstrap,nevaeh
,table tennis,,,critic,ivy
,pitch and putt,,,garbage,sadie
,pitton,,,ma,piper
,platform tennis,,,nautics,lydia
,playboating,,,quasiperiodic,alexa
,pleasure driving,,,advancement,josephine
,pocket billiards,,,agricultural scientist,emery
,poker,,,plutonomy,julia
,pole climbing,,,pyrology,delilah
,pole dancing,,,genesiolgy,arianna
,pole vault,,,lettered,vivian
,polo,,,chondrology,kaylee
,polocrosse,,,herbert,sophie
,pommel horse,,,paleomagnetism,brielle
,pond hockey,,,home economics,madeline
,cue sport,,,electrologist,peyton
,popinjay,,,esoterics,rylee
,power hockey,,,technically,clara
,power boat racing,,,epigraphics,hadley
,powerchair football,,,string,melanie
,powerlifting,,,hydraulic,mackenzie
,practical shooting,,,science-fictioneer,reagan
,pradal serey,,,tab,adalynn
,bare-knuckle boxing,,,genesiology,liliana
,pushball,,,entomotomy,aubree
,qianball,,,desmology,jade
,quadrathlon,,,biocybernetics,katherine
,muggle quidditch,,,physiologically,isabelle
,quoits,,,andragogy,natalia
,racerunning,,,cabbala,raelynn
,race walking,,,bsme,maria
,racketlon,,,mca,athena
,racquetball,,,father,ximena
,racquets / rackets,,,science-fictionist,arya
,rafting,,,surface scientist,leilani
,rallycross,,,evangelistics,taylor
,rally racing,,,metempiricism,faith
,rally raid,,,aaas,rose
,real tennis,,,testaceology,kylie
,rec footy,,,aerostatics,alexandra
,reining,,,dogology,mary
,relay running,,,physiological,margaret
,relay swimming,,,bsce,lyla
,rhythmic gymnastics,,,bset,ashley
,ringball,,,scientifics,amaya
,ringette,,,social scientific,eliza
,rings,,,endemiology,brianna
,rink bandy,,,terra,bailey
,rink hockey,,,sci–fi,andrea
,rinkball,,,spirit,khloe
,ritinis,,,carcinologist,jasmine
,road bicycle racing,,,dictionary,melody
,road bowling,,,conchology,iris
,road tennis,,,poliorcetics,isabel
,road skating,,,vaccinology,norah
,robot combat,,,quit,annabelle
,robot sports,,,scientician,valeria
,robot soccer,,,photometry,emerson
,sport climbing,,,holography,adalyn
,rodeo,,,marine scientific,ryleigh
,rogaining,,,propaedeutic,eden
,roll ball,,,ssrc,emersyn
,roller derby,,,science-bitten,anastasia
,roller hockey,,,venusian,kayla
,roller skating,,,mathetic,alyssa
,roller skiing,,,cabalism,juliana
,roller soccer,,,barology,charlie
,rope climbing,,,lichenology,esther
,rope jumping,,,polytechnics,ariel
,roping,,,malacologist,cecilia
,roque,,,paideutics,valerie
,rounders,,,aerostatic,alina
,roundnet,,,bot,molly
,rowing,,,climate scientist,reese
,rugby fives,,,bookwork,aliyah
,rugby league,,,function,lilly
,rugby league nines,,,information,parker
,rugby sevens,,,packet,finley
,rugby tens,,,scientifical,morgan
,rugby union,,,phenomenology,sydney
,running,,,bachelor of science,jordyn
,russian pyramid,,,computer scientist,eloise
,sailing,,,instrumentation,trinity
,sambo,,,science-fictiony,daisy
,samoa rules,,,haptics,kimberly
,beach handball,,,bryology,lauren
,sandboarding,,,character,genevieve
,sandsurfing,,,innumerate,sara
,sanshou,,,atmospherology,arabella
,savate,,,bedrock,harmony
,sawing,,,biocomputing,elise
,schwingen,,,anemometry,remi
,scootering,,,cryptanalysis,teagan
,sculling rowing,,,descriptive,alexis
,scurry driving,,,dick,london
,seatball,,,teleoroentgenography,sloane
,segway polo,,,anzaas,laila
,sepak takraw,,,the fourth dimension,lucia
,shinty,,,geoponist,diana
,shinty-hurling,,,apodictic,juliette
,shooting sports,,,sociological,sienna
,shot put,,,hippopathology,elliana
,showdown,,,analogue,londyn
,show jumping,,,relaxate,ayla
,shuffleboard,,,informatical,callie
,jianzi,,,initialize,gracie
,sikaran,,,psychometrics,josie
,singlestick,,,science-fictional,amara
,sipa,,,psychodynamics,jocelyn
,sitting volleyball,,,pteridology,daniela
,six-man football,,,scientific journal,everleigh
,skateboarding,,,culturology,mya
,skeet shooting,,,misappropriate,rachel
,skeleton,,,melopoeia,summer
,ski archery,,,craniognomy,alana
,acroski,,,clinically,brooke
,ski cross,,,pen-based,alaina
,ski flying,,,morphology,mckenzie
,ski jumping,,,node,catherine
,ski mountaineering,,,numismatography,amy
,ski orienteering,,,uncstd,presley
,airsoft,,,offload,journee
,skiboarding,,,entozoologist,rosalie
,skibobbing,,,radiopharmacology,ember
,skiing,,,micropedology,brynlee
,skijøring,,,eremology,rowan
,skittles,,,hydrotherapeutics,joanna
,parachuting,,,selenography,paige
,skyrunning,,,cristallology,rebecca
,skysurfing,,,geomorphogeny,ana
,slacklining,,,electrocardiography,sawyer
,slalom skiing,,,ergonomic,mariah
,slamball,,,cardiolgy,nicole
,sledge hockey,,,biological,brooklynn
,slopestyle,,,botanical,payton
,slopestyle skiing,,,armory,marley
,slopestyle snowboarding,,,war,fiona
,slow-pitch softball,,,tellurian,georgia
,olympic weightlifting,,,tactics,lila
,snowmobile racing,,,rhymic,harley
,snooker,,,terran,adelyn
,snowbiking,,,système international,alivia
,snowboarding,,,phylogenetics,noelle
,boardercross,,,physicist,gemma
,snowboating,,,future history,vanessa
,snow golf,,,flesh,journey
,snowkiting,,,force field,makayla
,snowmobile racing,,,geoscience,angelina
,snow polo,,,kuhnian,adaline
,snow rugby,,,marine scientist,catalina
,snowshoeing,,,philosopher,alayna
,snow skiing,,,philosophical,julianna
,snow volleyball,,,musicology,leila
,association football,,,hygrology,lola
,soft tennis,,,metaphysically,adriana
,softball,,,morphologist,june
,softball throw,,,mechanurgy,juliet
,sorro wrestling,,,aerodynamics,jayla
,speed-ball,,,biomathematics,river
,speedball,,,break through,tessa
,speedcubing,,,cultivate,lia
,speed golf,,,sturgeon,dakota
,speedminton,,,arteriology,delaney
,cue sport,,,astronautic,selena
,speed skating (long track),,,anthropological,blakely
,speed skating (short track),,,ecological,ada
,speed skiing,,,eddy,camille
,motorcycle speedway,,,execute,zara
,spongee,,,theoretic virtue,malia
,acrobatic gymnastics,,,volcanology,hope
,sport aerobics,,,cytologic,samara
,sport climbing,,,geographical,vera
,sport diving,,,informatic,mckenna
,sport fishing,,,microelectronics,briella
,sport kite,,,softa,izabella
,sport stacking,,,negate,hayden
,sporting clays,,,skip,raegan
,sports car racing,,,pyretology,michelle
,sports table football,,,multiscience,angela
,sprint (athletics),,,nest,ruth
,sprint car racing,,,semantics,freya
,sprint football,,,network,kamila
,squash,,,operation,vivienne
,squash tennis,,,semantic,aspen
,squat,,,optician,olive
,ssireum,,,palaeontology,kendall
,standup paddleboarding,,,pharmaceutical,elaina
,steeplechase,,,emulation,thea
,steeplechase,,,energetics,kali
,stick-fighting,,,ornithichnology,destiny
,stické tennis,,,muscologist,amiyah
,stock car racing,,,paleozooogy,evangeline
,stone lift or carry,,,sociogeny,cali
,stoolball,,,semiotics,blake
,straight pool,,,the paranormal,elsie
,street hockey,,,flush,juniper
,streetluge,,,demography,alexandria
,strongman,,,metaphysiology,myla
,sumo wrestling,,,midwifery,ariella
,super giant slalom,,,application,kate
,supercross,,,phytonomy,mariana
,supermoto,,,aerodynamic,lilah
,surf kayaking,,,boot,charlee
,surfboat rowing,,,code,daleyza
,surfing,,,clear,nyla
,surf lifesaving,,,tag,jane
,swamp football,,,thermostatics,maggie
,sweep rowing,,,ichnology,zuri
,swimming,,,technoscience,aniyah
,synchronized diving,,,tribology,lucille
,synchronized skating,,,mechanical engineering,leia
,synchronized swimming,,,chemical engineering,melissa
,table football,,,lab lit,adelaide
,table tennis,,,acoustics,amina
,taekwondo,,,glossology,giselle
,tag rugby,,,kinesiologist,lena
,tamburello,,,kinetic,camilla
,target archery,,,grundriss,miriam
,target golf,,,death ray,millie
,target shooting,,,photointerpretation,brynn
,tee-ball,,,anaesthetics,gabrielle
,tchoukball,,,pestology,sage
,handball,,,phenomenon,annie
,team penning,,,geotechnics,logan
,te ano,,,savant,lilliana
,tejo (argentina),,,scan,haven
,tejo (colombia),,,whovian,jessica
,telemark skiing,,,decathlon,kaia
,tennikoit,,,electropathic,magnolia
,tennis,,,electrothermy,amira
,tennis polo,,,cybercop,adelynn
,tenpin bowling,,,principle,makenzie
,tent pegging,,,perspectography,stephanie
,teqball,,,invoke,nina
,test cricket,,,institute,phoebe
,tetherball,,,compile,arielle
,tetradecathlon,,,criminalistics,evie
,tetrathlon,,,access,lyric
,thoroughbred racing,,,foreground,alessandra
,three-cushion billiards,,,bionomical,gabriela
,throwball,,,memory,paislee
,torball,,,gasometry,raelyn
,toros coleados,,,geochronology,madilyn
,touch football,,,helminthology,paris
,touch rugby,,,astronomical,makenna
,touring car racing,,,scientia,kinley
,tower running,,,thermionics,gracelyn
,track cycling,,,rocket ship,talia
,track & field,,,sciencist,maeve
,tractor pulling,,,surveying,rylie
,trampolining,,,student,kiara
,trap shooting,,,stomatology,evelynn
,trec,,,"descartes, rené",brinley
,tree climbing,,,psychologic,jacqueline
,triathle,,,circuitry,laura
,triathlon,,,con,gracelynn
,tricking,,,bradbury,lexi
,triple jump,,,cartographic,ariah
,trugo,,,ant-man,fatima
,tug of war,,,ballistician,jennifer
,tumbling,,,thalassography,kehlani
,twenty20,,,trochilics,alani
,ulama,,,agronomy,ariyah
,ultimate,,,proleptics,luciana
,ultralight aviation,,,splenology,allie
,ultramarathon,,,isoperimetry,heidi
,underwater,,,glottology,maci
,underwater hockey,,,egyptology,phoenix
,underwater ice hockey,,,dianoialogy,felicity
,underwater orienteering,,,diacoustic,joy
,underwater photography,,,cerebrology,kenzie
,underwater rugby,,,nutrition,veronica
,underwater target shooting,,,linguistic scientist,margot
,aquathlon,,,dentistry,addilyn
,uneven bars,,,enology,lana
,unicycle basketball,,,eukinetics,cassidy
,unicycle handball,,,diagraphics,remington
,unicycle hockey,,,import,saylor
,unicycling racing,,,historiology,ryan
,unicycle trials,,,listing,keira
,unicycling,,,lock,harlow
,urban golf,,,locksmithing,miranda
,vajra-mushti,,,dynamic oceanography,angel
,va,,,metalanguage,amanda
,valencian pilota,,,morology,daniella
,varpa,,,optometry,royalty
,varzesh-e bastani,,,phytogeography,gwendolyn
,vault,,,plutonomic,ophelia
,vert skateboarding,,,redline,heaven
,vert skating,,,subdirectory,jordan
,vigoro,,,sociologic,madeleine
,volleyball,,,protocol,esmeralda
,vovinam,,,theoretician,kira
,vx,,,naval architecture,miracle
,wakeboarding,,,proctology,elle
,walking football,,,geonomic,amari
,wallball,,,robotology,danielle
,wallyball,,,science-fictionalized,daphne
,washer pitching,,,paleoclimatology,willa
,water basketball,,,palynology,haley
,water polo,,,pataphysics,gia
,water skiing,,,rheology,kaitlyn
,water volleyball,,,dietetic,oakley
,weightlifting,,,enterology,kailani
,weight throw,,,ideogeny,winter
,western pleasure,,,haematology,alicia
,wheelchair basketball,,,conversazione,serena
,wheelchair curling,,,miasmology,nadia
,wheelchair dancing,,,fermentology,aviana
,wheelchair fencing,,,synonymic,demi
,wheelchair racing,,,atomic engine,jada
,wheelchair rugby,,,agronomist,braelynn
,wheelchair rugby league,,,clarke,dylan
,wheelchair tennis,,,kinetics,ainsley
,whitewater slalom,,,lunarian,alison
,wiffleball,,,weaponry,camryn
,windsurfing,,,ecologic,avianna
,wingsuit flying,,,archaeological,bianca
,winter guard,,,architectural,skyler
,winter triathlon,,,ballistocardiography,scarlet
,,,,buffer,maddison
,,,,biostatics,nylah
,,,,baud,sarai
,,,,crystallology,regina
,,,,crash,dahlia
,,,,dioptric,nayeli
,,,,fossilist,raven
,,,,grammatology,helen
,,,,iconology,adrianna
,,,,social science,averie
,,,,bioengineering,skye
,,,,hard science,kelsey
,,,,"asimov, isaac",tatum
,,,,scientometrics,kensley
,,,,phoronomy,maliyah
,,,,theology,erin
,,,,biomedical engineering,viviana
,,,,lab,jenna
,,,,learning,anaya
,,,,empiric,carolina
,,,,spectroscopy,shelby
,,,,bioinformatics,sabrina
,,,,therapeutics,mikayla
,,,,atomistics,annalise
,,,,computerese,octavia
,,,,chaos theory,lennon
,,,,intellectual,blair
,,,,bibliology,carmen
,,,,biometeorology,yaretzi
,,,,hyetography,kennedi
,,,,earthwoman,mabel
,,,,cephalometry,zariah
,,,,encephalology,kyla
,,,,starship,christina
,,,,electro-ballistics,selah
,,,,boolean search,celeste
,,,,electrician,eve
,,,,fortran,mckinley
,,,,actinology,milani
,,,,fluid mechanics,frances
,,,,anthropogeny,jimena
,,,,filker,kylee
,,,,fluorescence microscopy,leighton
,,,,anthotaxy,katie
,,,,b.a.,
,,,,food technology,
,,,,death,
,,,,graphics,
,,,,euthenics,
,,,,ecology,
,,,,ecophysiology,
,,,,hyperspace,
,,,,geohydrology,
,,,,cosmology,
,,,,atmology,
,,,,librarian,
,,,,geeky,
,,,,recess,
,,,,industrial hygiene,
,,,,information technology,
,,,,graduated cylinder,
,,,,orthoptics,
,,,,powder metallurgy,
,,,,stoichiology,
,,,,ray gun,
,,,,radiological,
,,,,propaedeutics,
,,,,rubify,
,,,,phrenics,
,,,,scientific farming,
,,,,social medicine,
,,,,agrometeorology,
,,,,synectic,
,,,,time machine,
,,,,computer science,
,,,,magnetochemistry,
,,,,miracle,
,,,,navigation,
,,,,neurobiology,
,,,,paleobiogeography,
,,,,preclinical,
,,,,part writing,
,,,,radiogoniometry,
,,,,research park,
,,,,statics,
,,,,steampunk,
,,,,electrochemistry,
,,,,entrepreneurship,
,,,,epistemology,
,,,,empirically,
,,,,fix,
,,,,flag,
,,,,exit,
,,,,drag,
,,,,driver,
,,,,bent,
,,,,block,
,,,,circulation,
,,,,concatenate,
,,,,geodesy,
,,,,tocology,
,,,,global,
,,,,demonstration,
,,,,depth,
,,,,domain,
,,,,cryogenics,
,,,,cultivator,
,,,,cytogenic,
,,,,discriminate,
,,,,liturgiology,
,,,,allocation,
,,,,immunology,
,,,,input,
,,,,language,
,,,,interconnection,
,,,,hydraulics,
,,,,alexandrian,
,,,,hygienic,
,,,,macro,
,,,,primitive,
,,,,printer,
,,,,processual,
,,,,protology,
,,,,plantsman,
,,,,psychophysics,
,,,,stylus,
,,,,step,
,,,,storage,
,,,,simulation,
,,,,magnetist,
,,,,monitor,
,,,,pathognomy,
,,,,rip,
,,,,teraflop,
,,,,thanatology,
,,,,kosher,
,,,,mycology,
,,,,nomologist,
,,,,nomothetic,
,,,,astrogeology,
,,,,ollamh,
,,,,organon,
,,,,queue,
,,,,render,
